"price_mrp","price","part_number"
"48.62","44.20","09594683"
"37.18","33.80","10322539"
"57.20","52.00","10325852"
"85.80","78.00","10372246"
"161.92","147.20","10385580"
"907.39","824.90","10396912"
"907.39","824.90","10396913"
"20.79","18.90","11547142"
"40.04","36.40","11562588"
"7.26","6.60","11589274"
"8.91","8.10","12092077"
"2554.33","2322.12","12471329"
"2308.91","2099.01","12471369"
"1387.06","1260.96","12475479"
"1387.06","1260.96","12475480"
"795.52","723.20","12477640"
"217.58","197.80","12487670"
"352.94","320.85","12533587"
"519.57","472.34","12553118"
"227.70","207.00","12554027"
"140.42","127.65","12554029"
"2144.18","1949.25","12559855"
"469.85","427.14","12560228"
"384.09","349.17","12561211"
"284.62","258.75","12563326"
"376.97","342.70","12569429"
"471.10","428.27","12571100"
"379.50","345.00","12572707"
"61.88","56.25","12573337"
"227.70","207.00","12575329"
"332.69","302.45","12576131"
"129.03","117.30","12576447"
"137.88","125.35","12576450"
"1649.57","1499.61","12579273"
"316.25","287.50","12580162"
"2092.79","1902.54","12581209"
"341.55","310.50","12583804"
"61.88","56.25","12584041"
"128.04","116.40","12585673"
"345.34","313.95","12587785"
"462.40","420.36","12588987"
"221.38","201.25","12589226"
"420.13","381.94","12589321"
"87.12","79.20","12589430"
"316.25","287.50","12589867"
"1899.88","1727.16","12590211"
"330.16","300.15","12591720"
"191.02","173.65","12591866"
"215.05","195.50","12593921"
"204.93","186.30","12594450"
"332.69","302.45","12594452"
"377.87","343.52","12594512"
"153.06","139.15","12595106"
"95.04","86.40","12595327"
"301.07","273.70","12597026"
"1514.04","1376.40","12597121"
"239.08","217.35","12597769"
"301.07","273.70","12597878"
"163.19","148.35","12598014"
"422.62","384.20","12599866"
"132.82","120.75","12600171"
"253.00","230.00","12600172"
"2435.89","2214.45","12601240"
"359.26","326.60","12604575"
"29.70","27.00","12605566"
"218.84","198.95","12607291"
"183.43","166.75","12607401"
"266.92","242.65","12608660"
"66.00","60.00","12608750"
"206.19","187.45","12608814"
"1102.54","1002.31","12609074"
"1154.75","1049.77","12609317"
"263.12","239.20","12609418"
"317.51","288.65","12609457"
"345.34","313.95","12610046"
"87.12","79.20","12610053"
"203.67","185.15","12610680"
"74.25","67.50","12611420"
"569.29","517.54","12611424"
"1388.28","1262.07","12612384"
"1993.89","1812.63","12612397"
"326.37","296.70","12613163"
"564.32","513.02","12613411"
"1015.53","923.21","12615503"
"97.68","88.80","12615626"
"444.99","404.54","12616125"
"1088.87","989.88","12616285"
"950.90","864.45","12616286"
"518.33","471.21","12616502"
"87.12","79.20","12617944"
"236.56","215.05","12619161"
"31.46","28.60","12619787"
"99.00","90.00","12622055"
"518.33","471.21","12622308"
"332.69","302.45","12622325"
"420.13","381.94","12622410"
"48.62","44.20","12622441"
"67.38","61.25","12622668"
"287.16","261.05","12623051"
"109.56","99.60","12623093"
"151.80","138.00","12623095"
"89.76","81.60","12623730"
"135.35","123.05","12626076"
"174.57","158.70","12626222"
"93.72","85.20","12626923"
"31.46","28.60","12627072"
"478.56","435.05","12629337"
"484.77","440.70","12629338"
"127.77","116.15","12629404"
"525.79","477.99","12629725"
"1598.29","1452.99","12629992"
"449.97","409.06","12630084"
"31.46","28.60","12630223"
"368.11","334.65","12632479"
"390.30","354.82","12632968"
"1424.91","1295.37","12633238"
"303.60","276.00","12634061"
"530.76","482.51","12634126"
"130.68","118.80","12634479"
"51.48","46.80","12634614"
"56.38","51.25","12635953"
"303.60","276.00","12635957"
"154.33","140.30","12635992"
"35.75","32.50","12636177"
"102.96","93.60","12636736"
"197.34","179.40","12636947"
"26.73","24.30","12637018"
"298.54","271.40","12637202"
"132.00","120.00","12637352"
"576.75","524.32","12637677"
"141.68","128.80","12637683"
"213.78","194.35","12637710"
"211.26","192.05","12637773"
"261.86","238.05","12638266"
"139.15","126.50","12638559"
"241.12","219.20","12638583"
"679.92","618.11","12638691"
"227.70","207.00","12638824"
"129.36","117.60","12639018"
"109.56","99.60","12639468"
"149.27","135.70","12639899"
"298.54","271.40","12640453"
"1105.03","1004.57","12640746"
"68.75","62.50","12641073"
"132.00","120.00","12641261"
"47.19","42.90","12642163"
"136.62","124.20","12642516"
"104.28","94.80","12643278"
"666.25","605.68","12643496"
"313.72","285.20","12643517"
"290.95","264.50","12643707"
"1123.67","1021.52","12645298"
"3092.79","2811.63","12646130"
"231.49","210.45","12646200"
"42.90","39.00","12646780"
"80.52","73.20","12646782"
"85.80","78.00","12647002"
"156.86","142.60","12647574"
"126.72","115.20","12647764"
"170.78","155.25","12648843"
"175.83","159.85","12648979"
"125.40","114.00","12649041"
"97.68","88.80","12649097"
"37.18","33.80","12649907"
"289.69","263.35","12651112"
"307.39","279.45","12651603"
"800.49","727.72","12652772"
"44.33","40.30","12653685"
"95.04","86.40","12654077"
"297.27","270.25","12654078"
"74.25","67.50","12654488"
"89.76","81.60","12655276"
"144.21","131.10","12655674"
"327.64","297.85","12655677"
"80.52","73.20","12656444"
"1385.83","1259.85","12656531"
"95.04","86.40","12657038"
"66.00","60.00","12657093"
"261.86","238.05","12657188"
"876.31","796.65","12657499"
"662.52","602.29","12657797"
"175.83","159.85","12657799"
"2506.71","2278.83","12658068"
"91.08","82.80","12658091"
"282.09","256.45","12658178"
"804.22","731.11","12658740"
"330.16","300.15","12659516"
"64.62","58.75","12661527"
"158.12","143.75","12661808"
"632.69","575.17","12661898"
"44.33","40.30","12662195"
"55.77","50.70","12662196"
"99.00","90.00","12662536"
"1078.92","980.84","12662571"
"1230.57","1118.70","12663052"
"163.19","148.35","12664357"
"163.19","148.35","12664358"
"112.20","102.00","12664598"
"320.04","290.95","12665061"
"132.82","120.75","12665076"
"168.24","152.95","12665161"
"863.88","785.35","12666371"
"61.88","56.25","12667313"
"270.71","246.10","12667387"
"320.04","290.95","12667438"
"1157.23","1052.03","12667973"
"871.34","792.13","12669384"
"168.24","152.95","12669532"
"307.39","279.45","12669569"
"156.86","142.60","12669636"
"646.36","587.60","12669867"
"196.07","178.25","12669909"
"852.70","775.18","12670839"
"1086.38","987.62","12670981"
"37.18","33.80","12671008"
"722.18","656.53","12671379"
"697.32","633.93","12671624"
"1593.40","1448.55","12672780"
"728.40","662.18","12673014"
"166.98","151.80","12673301"
"292.21","265.65","12673413"
"132.82","120.75","12673523"
"559.35","508.50","12674634"
"285.89","259.90","12674639"
"235.29","213.90","12674649"
"314.99","286.35","12674685"
"278.30","253.00","12674702"
"198.61","180.55","12674703"
"132.00","120.00","12674704"
"852.70","775.18","12676296"
"122.76","111.60","12676340"
"349.14","317.40","12677836"
"770.66","700.60","12678223"
"769.42","699.47","12678224"
"1744.81","1586.19","12678513"
"1561.66","1419.69","12679524"
"1205.71","1096.10","12679525"
"42.90","39.00","12680074"
"550.65","500.59","12681132"
"375.71","341.55","12681133"
"672.46","611.33","12681171"
"1239.27","1126.61","12681417"
"1738.15","1580.14","12681472"
"241.62","219.65","12681524"
"59.12","53.75","12681656"
"41.47","37.70","12681659"
"42.90","39.00","12681660"
"47.19","42.90","12681663"
"37.18","33.80","12683541"
"824.11","749.19","12683666"
"113.52","103.20","12684186"
"492.23","447.48","12684590"
"1374.85","1249.86","12685257"
"1748.47","1589.52","12685731"
"747.04","679.13","12687726"
"64.62","58.75","12688703"
"442.51","402.28","12688943"
"344.08","312.80","12689041"
"844.00","767.27","12690252"
"25.24","22.95","12690385"
"1271.06","1155.51","12690481"
"1282.05","1165.50","12692067"
"1045.36","950.33","12692069"
"1398.05","1270.95","12692200"
"534.49","485.90","12692884"
"857.67","779.70","12693238"
"696.08","632.80","12694626"
"898.69","816.99","12694871"
"1183.34","1075.76","12694873"
"862.64","784.22","12695760"
"34.32","31.20","12696048"
"355.46","323.15","12697768"
"462.40","420.36","12699382"
"1016.77","924.34","12700116"
"317.51","288.65","12701634"
"256.79","233.45","12703627"
"1022.99","929.99","12703898"
"139.15","126.50","12703922"
"35.75","32.50","12706595"
"40.04","36.40","12707246"
"232.76","211.60","12707589"
"294.75","267.95","12708496"
"1694.75","1540.68","12708794"
"418.89","380.81","12710481"
"30.03","27.30","12710960"
"897.45","815.86","12711695"
"975.75","887.05","12992593"
"136.62","124.20","13219141"
"35.75","32.50","13227300"
"30.03","27.30","13229871"
"274.50","249.55","13237352"
"339.02","308.20","13248493"
"461.15","419.23","13248552"
"508.39","462.17","13251806"
"263.12","239.20","13252702"
"38.61","35.10","13257840"
"150.53","136.85","13260579"
"478.56","435.05","13263279"
"100.32","91.20","13263325"
"164.45","149.50","13265245"
"72.88","66.25","13271190"
"553.13","502.85","13272000"
"81.12","73.75","13272717"
"100.32","91.20","13272720"
"10.39","9.45","13276148"
"153.06","139.15","13277638"
"35.75","32.50","13278357"
"148.01","134.55","13278358"
"208.72","189.75","13278359"
"105.60","96.00","13278462"
"266.92","242.65","13281792"
"564.32","513.02","13283066"
"600.37","545.79","13283067"
"1323.56","1203.24","13286439"
"868.86","789.87","13286444"
"237.82","216.20","13287599"
"258.06","234.60","13300867"
"478.56","435.05","13301682"
"326.37","296.70","13301833"
"184.69","167.90","13305370"
"255.53","232.30","13305373"
"159.39","144.90","13307080"
"2442.00","2220.00","13310692"
"128.04","116.40","13311008"
"282.09","256.45","13313727"
"2526.25","2296.59","13314327"
"140.42","127.65","13318002"
"549.41","499.46","13319480"
"578.00","525.45","13319481"
"467.37","424.88","13319636"
"326.37","296.70","13319638"
"303.60","276.00","13329528"
"78.38","71.25","13332583"
"347.88","316.25","13332639"
"582.97","529.97","13333933"
"1495.72","1359.75","13336889"
"2090.35","1900.32","13337675"
"215.05","195.50","13337770"
"375.39","341.26","13346848"
"411.43","374.03","13347163"
"494.71","449.74","13347455"
"462.40","420.36","13348456"
"1288.15","1171.05","13352142"
"1295.48","1177.71","13363450"
"1146.05","1041.86","13381059"
"520.82","473.47","13386323"
"1488.40","1353.09","13386324"
"22.27","20.25","13399770"
"666.25","605.68","13400079"
"530.76","482.51","13402938"
"530.76","482.51","13402939"
"288.42","262.20","13402952"
"278.30","253.00","13411380"
"249.21","226.55","13411383"
"780.60","709.64","13412272"
"375.71","341.55","13412810"
"453.69","412.45","13412811"
"416.41","378.55","13412812"
"1018.02","925.47","13427160"
"1990.23","1809.30","13434501"
"1609.28","1462.98","13434503"
"206.42","187.65","13435511"
"1305.25","1186.59","13435995"
"215.05","195.50","13451782"
"93.72","85.20","13465094"
"389.06","353.69","13498892"
"35.75","32.50","13500128"
"428.84","389.85","13501308"
"374.14","340.13","13501320"
"386.57","351.43","13502045"
"413.92","376.29","13502135"
"374.14","340.13","13502136"
"61.88","56.25","13502353"
"50.05","45.50","13502354"
"87.12","79.20","13503675"
"158.12","143.75","13503677"
"97.68","88.80","13504029"
"23.76","21.60","13504034"
"246.68","224.25","13504046"
"599.13","544.66","13504197"
"141.68","128.80","13505131"
"211.26","192.05","13506399"
"1825.39","1659.45","13507127"
"99.00","90.00","13508023"
"17.82","16.20","13509704"
"364.32","331.20","13510484"
"1770.45","1609.50","13510918"
"1838.83","1671.66","13512934"
"1852.26","1683.87","13513407"
"231.49","210.45","13513995"
"1219.38","1108.53","13515225"
"154.33","140.30","13516165"
"299.81","272.55","13516687"
"335.23","304.75","13516726"
"1630.03","1481.85","13520817"
"360.52","327.75","13521803"
"335.23","304.75","13521804"
"168.24","152.95","13521809"
"408.95","371.77","13521819"
"422.62","384.20","13521820"
"333.96","303.60","13522663"
"132.00","120.00","13523275"
"912.36","829.42","13523335"
"452.45","411.32","13526554"
"452.45","411.32","13526555"
"514.60","467.82","13526770"
"454.94","413.58","13526966"
"698.57","635.06","13526967"
"1493.28","1357.53","13529304"
"3273.50","2975.91","13532977"
"724.67","658.79","13533616"
"926.04","841.85","13533617"
"713.48","648.62","13533684"
"494.71","449.74","13536110"
"512.12","465.56","13536111"
"515.85","468.95","13536152"
"154.33","140.30","13540602"
"196.07","178.25","13540603"
"37.18","33.80","13578758"
"400.25","363.86","13579522"
"369.38","335.80","13579523"
"467.37","424.88","13579557"
"442.51","402.28","13579566"
"459.91","418.10","13580135"
"170.78","155.25","13581560"
"247.94","225.40","13581561"
"509.63","463.30","13581833"
"146.74","133.40","13583370"
"947.17","861.06","13583478"
"148.01","134.55","13583889"
"220.11","200.10","13584679"
"184.69","167.90","13584680"
"619.01","562.74","13584682"
"810.44","736.76","13585207"
"661.28","601.16","13585374"
"619.01","562.74","13585377"
"101.64","92.40","13585947"
"114.84","104.40","13585948"
"1669.11","1517.37","13586273"
"1879.12","1708.29","13586327"
"198.61","180.55","13588470"
"336.49","305.90","13589257"
"1515.26","1377.51","13591242"
"620.26","563.87","13591998"
"335.23","304.75","13592067"
"1269.84","1154.40","13592646"
"579.24","526.58","13593158"
"216.31","196.65","13593730"
"1655.68","1505.16","13595628"
"1517.70","1379.73","13597226"
"156.86","142.60","13597422"
"85.80","78.00","13597423"
"77.00","70.00","13597424"
"79.75","72.50","13597425"
"57.20","52.00","13597426"
"54.34","49.40","13597430"
"296.01","269.10","13598091"
"20.79","18.90","13598760"
"168.24","152.95","13598771"
"304.86","277.15","13598772"
"177.10","161.00","13598773"
"237.82","216.20","13598775"
"268.18","243.80","13599318"
"100.32","91.20","15075118"
"964.57","876.88","15110643"
"317.51","288.65","15113134"
"313.72","285.20","15113847"
"298.54","271.40","15113849"
"1537.24","1397.49","15114506"
"199.87","181.70","15128874"
"399.00","362.73","15179498"
"1177.12","1070.11","15193110"
"68.75","62.50","15214346"
"785.58","714.16","15225889"
"739.59","672.35","15226944"
"733.37","666.70","15226945"
"369.38","335.80","15232942"
"1483.52","1348.65","15269044"
"95.04","86.40","15278634"
"405.22","368.38","15294028"
"692.35","629.41","15294029"
"11.88","10.80","15485096"
"403.98","367.25","15712803"
"163.19","148.35","15763368"
"1291.82","1174.38","15780788"
"1291.82","1174.38","15787972"
"564.32","513.02","15792821"
"91.08","82.80","15794103"
"204.93","186.30","15825475"
"154.33","140.30","15829647"
"345.34","313.95","15834772"
"402.73","366.12","15834773"
"130.30","118.45","15835052"
"296.01","269.10","15835458"
"559.35","508.50","15839896"
"193.54","175.95","15840277"
"191.02","173.65","15840278"
"589.18","535.62","15844166"
"665.00","604.55","15854939"
"645.12","586.47","15854941"
"433.81","394.37","15865791"
"968.30","880.27","15883318"
"1304.03","1185.48","15909834"
"970.78","882.53","15912686"
"1240.51","1127.74","15912687"
"208.72","189.75","15916552"
"926.04","841.85","15917339"
"2633.70","2394.27","15939876"
"452.45","411.32","15942195"
"175.83","159.85","15942930"
"1154.75","1049.77","15943196"
"120.12","109.20","1605123"
"666.25","605.68","17113698"
"749.53","681.39","19169004"
"666.25","605.68","19169005"
"1655.68","1505.16","19180529"
"1440.78","1309.80","19208961"
"1243.00","1130.00","19209239"
"428.84","389.85","19209815"
"30.03","27.30","19210283"
"32.89","29.90","19210284"
"524.55","476.86","19210603"
"222.64","202.40","19210691"
"776.88","706.25","19210707"
"235.29","213.90","19245505"
"222.64","202.40","19245507"
"1982.90","1802.64","19257093"
"136.62","124.20","19258265"
"1347.98","1225.44","19259807"
"1824.17","1658.34","19299227"
"569.29","517.54","19300488"
"1811.96","1647.24","19303978"
"378.24","343.85","19329677"
"1500.61","1364.19","19330121"
"2107.45","1915.86","19331937"
"481.04","437.31","19353731"
"437.54","397.76","19355502"
"1154.75","1049.77","19366851"
"437.54","397.76","19369415"
"1840.05","1672.77","19370465"
"1608.06","1461.87","19371362"
"48.62","44.20","19417055"
"609.07","553.70","19417185"
"1103.78","1003.44","19417211"
"2507.93","2279.94","19418183"
"1572.65","1429.68","19418184"
"770.66","700.60","19420212"
"390.30","354.82","19420316"
"472.34","429.40","19420372"
"612.80","557.09","19421333"
"923.55","839.59","20756714"
"1132.37","1029.43","20756715"
"759.47","690.43","20757667"
"432.56","393.24","20765171"
"573.02","520.93","20765185"
"623.99","567.26","20765678"
"1233.06","1120.96","20774419"
"246.68","224.25","20787606"
"223.91","203.55","20787608"
"714.73","649.75","20794798"
"604.10","549.18","20794799"
"1764.35","1603.95","20794801"
"1626.37","1478.52","20794802"
"1488.40","1353.09","20802979"
"1488.40","1353.09","20802980"
"172.04","156.40","20807219"
"231.49","210.45","20807220"
"1158.48","1053.16","20809968"
"1714.28","1558.44","20820058"
"2145.30","1950.27","20832022"
"3094.01","2812.74","20832023"
"1413.92","1285.38","20832808"
"825.35","750.32","20835552"
"776.88","706.25","20840271"
"733.37","666.70","20840272"
"678.68","616.98","20843116"
"786.82","715.29","20843177"
"2704.52","2458.65","20863101"
"60.50","55.00","20865139"
"1235.54","1123.22","20869199"
"1500.61","1364.19","20869200"
"1035.42","941.29","20871103"
"2960.93","2691.75","20875738"
"1780.22","1618.38","20881337"
"308.66","280.60","20881786"
"34.32","31.20","20893953"
"309.93","281.75","20903320"
"232.76","211.60","20905104"
"400.25","363.86","20907472"
"947.17","861.06","20913751"
"713.48","648.62","20914363"
"658.79","598.90","20914364"
"178.37","162.15","20915842"
"165.72","150.65","20915990"
"226.44","205.85","20917338"
"192.28","174.80","20922901"
"483.53","439.57","20925765"
"519.57","472.34","20925924"
"399.00","362.73","20925925"
"2916.97","2651.79","20935856"
"202.40","184.00","20941129"
"454.94","413.58","20945129"
"332.69","302.45","20951274"
"1671.55","1519.59","20951792"
"1909.64","1736.04","20951794"
"1119.94","1018.13","20954812"
"110.88","100.80","20961222"
"220.11","200.10","20962250"
"1070.22","972.93","20969815"
"1081.41","983.10","20970656"
"2365.08","2150.07","20979218"
"2711.84","2465.31","20980075"
"228.97","208.15","20980222"
"678.68","616.98","20981829"
"1538.46","1398.60","20989651"
"198.61","180.55","20999339"
"192.28","174.80","20999340"
"93.72","85.20","22676970"
"642.63","584.21","22708433"
"469.85","427.14","22708442"
"413.92","376.29","22708449"
"231.49","210.45","22711037"
"75.62","68.75","22744376"
"4273.50","3885.00","22745768"
"1592.18","1447.44","22747159"
"92.40","84.00","22753242"
"202.40","184.00","22756328"
"1003.10","911.91","22756832"
"422.62","384.20","22761744"
"2256.41","2051.28","22762984"
"317.51","288.65","22768973"
"665.00","604.55","22786835"
"1418.80","1289.82","22789359"
"1394.38","1267.62","22791460"
"113.52","103.20","22793882"
"1824.17","1658.34","22796413"
"407.70","370.64","22799077"
"1672.77","1520.70","22799827"
"1860.80","1691.64","22799828"
"755.74","687.04","22803996"
"477.31","433.92","22804123"
"2242.98","2039.07","22807864"
"487.26","442.96","22811094"
"135.35","123.05","22814858"
"451.21","410.19","22816195"
"185.96","169.05","22819398"
"643.87","585.34","22820694"
"508.39","462.17","22826296"
"309.93","281.75","22827731"
"174.57","158.70","22827735"
"1439.56","1308.69","22830013"
"142.94","129.95","22836819"
"793.03","720.94","22837923"
"793.03","720.94","22837924"
"1770.45","1609.50","22840116"
"126.72","115.20","22845992"
"80.52","73.20","22846938"
"96.36","87.60","22846939"
"718.45","653.14","22849845"
"743.31","675.74","22849847"
"1114.97","1013.61","22853025"
"1214.41","1104.01","22853026"
"981.97","892.70","22853027"
"1742.37","1583.97","22853028"
"1496.95","1360.86","22853660"
"422.62","384.20","22853740"
"88.44","80.40","22860195"
"834.05","758.23","22862028"
"592.91","539.01","22865521"
"331.43","301.30","22867272"
"203.67","185.15","22867552"
"523.30","475.73","22872762"
"569.29","517.54","22872763"
"924.79","840.72","22873498"
"1210.68","1100.62","22873499"
"89.76","81.60","22873597"
"2587.30","2352.09","22874951"
"1587.30","1443.00","22876130"
"165.72","150.65","22884219"
"165.72","150.65","22885825"
"211.26","192.05","22890087"
"719.70","654.27","22890089"
"322.57","293.25","22891328"
"139.15","126.50","22895545"
"1151.02","1046.38","22897126"
"1268.62","1153.29","22897127"
"590.42","536.75","22902430"
"1305.25","1186.59","22905183"
"876.31","796.65","22907156"
"108.24","98.40","22915102"
"196.07","178.25","22917498"
"149.27","135.70","22917501"
"100.32","91.20","22921365"
"149.27","135.70","22921366"
"77.00","70.00","22923605"
"914.85","831.68","22931247"
"1764.35","1603.95","22943112"
"153.06","139.15","22945601"
"601.61","546.92","22950036"
"220.11","200.10","22950436"
"400.25","363.86","22952901"
"60.50","55.00","22956295"
"1503.05","1366.41","22956417"
"660.03","600.03","22961461"
"1819.29","1653.90","22961816"
"883.77","803.43","22961817"
"606.58","551.44","22968231"
"509.63","463.30","22972091"
"1857.14","1688.31","22977473"
"1589.74","1445.22","22977474"
"1830.28","1663.89","22977475"
"1842.49","1674.99","22977476"
"307.39","279.45","22989959"
"129.03","117.30","22992586"
"354.20","322.00","22995238"
"963.33","875.75","22997284"
"975.75","887.05","22997285"
"451.21","410.19","23100244"
"273.24","248.40","23101674"
"292.21","265.65","23104840"
"3061.05","2782.77","23108142"
"3400.48","3091.35","23112252"
"449.97","409.06","23118055"
"528.27","480.25","23118530"
"474.83","431.66","23118534"
"85.80","78.00","23119188"
"208.72","189.75","23126442"
"263.12","239.20","23126443"
"589.18","535.62","23126444"
"279.56","254.15","23128470"
"330.16","300.15","23139981"
"600.37","545.79","23144340"
"70.12","63.75","23146201"
"1542.12","1401.93","23151660"
"1536.02","1396.38","23151661"
"1328.45","1207.68","23155249"
"605.34","550.31","23158030"
"360.52","327.75","23159167"
"507.14","461.04","23187445"
"517.09","470.08","23187446"
"494.71","449.74","23187451"
"503.41","457.65","23187454"
"5617.82","5107.11","23191218"
"592.91","539.01","23191760"
"684.89","622.63","23193306"
"587.94","534.49","23195438"
"1105.03","1004.57","23199121"
"236.56","215.05","23203513"
"132.00","120.00","23237268"
"1829.06","1662.78","23237860"
"534.49","485.90","23242576"
"189.75","172.50","23253702"
"247.94","225.40","23256076"
"668.73","607.94","23256991"
"458.67","416.97","23262343"
"744.56","676.87","23262344"
"140.42","127.65","23264891"
"4136.75","3760.68","23271756"
"3442.00","3129.09","23276242"
"309.93","281.75","23277115"
"169.51","154.10","23280475"
"108.24","98.40","23281440"
"733.37","666.70","23281450"
"246.68","224.25","23283668"
"77.00","70.00","23290937"
"100.32","91.20","23299093"
"161.92","147.20","23299103"
"2322.34","2111.22","23303551"
"1198.25","1089.32","23305638"
"230.23","209.30","23312162"
"120.12","109.20","23321606"
"503.41","457.65","23322784"
"3560.44","3236.76","23324503"
"1605.62","1459.65","23333680"
"852.70","775.18","23336810"
"545.68","496.07","23338863"
"366.85","333.50","23338897"
"166.98","151.80","23343360"
"132.82","120.75","23343361"
"318.78","289.80","23344214"
"125.40","114.00","23349854"
"555.62","505.11","23356091"
"1020.50","927.73","23356814"
"498.44","453.13","23366103"
"109.56","99.60","23368720"
"479.80","436.18","23371176"
"2452.99","2229.99","23378127"
"2323.56","2112.33","23378652"
"217.58","197.80","23386455"
"669.98","609.07","23390190"
"667.49","606.81","23390191"
"159.39","144.90","23390376"
"3709.40","3372.18","23392664"
"187.22","170.20","23393247"
"727.15","661.05","23406971"
"467.37","424.88","23411909"
"1042.88","948.07","23412299"
"811.68","737.89","23412312"
"648.85","589.86","23416437"
"80.52","73.20","23416963"
"81.84","74.40","23416964"
"527.03","479.12","23416966"
"708.51","644.10","23416969"
"488.50","444.09","23416973"
"112.20","102.00","23417074"
"568.05","516.41","23422432"
"136.62","124.20","23425778"
"282.09","256.45","23427094"
"327.64","297.85","23427098"
"135.35","123.05","23430312"
"1492.06","1356.42","23431875"
"1349.20","1226.55","23431876"
"2269.84","2063.49","23434158"
"2476.19","2251.08","23453634"
"1170.91","1064.46","23453775"
"1427.35","1297.59","23456469"
"1126.16","1023.78","23490421"
"1124.91","1022.65","23490422"
"232.76","211.60","23492578"
"270.71","246.10","23492579"
"93.72","85.20","23497208"
"370.64","336.95","24100456"
"182.16","165.60","24208576"
"50.05","45.50","24231613"
"188.48","171.35","24236933"
"5.45","4.95","24237428"
"173.31","157.55","24237508"
"72.88","66.25","24253434"
"2305.25","2095.68","24257276"
"59.12","53.75","24262294"
"215.05","195.50","24262388"
"110.88","100.80","24266675"
"498.44","453.13","24271596"
"61.88","56.25","24273970"
"56.38","51.25","24273971"
"193.54","175.95","24274402"
"801.74","728.85","24276287"
"4131.86","3756.24","24287422"
"91.08","82.80","24288436"
"150.53","136.85","24288437"
"994.40","904.00","24299906"
"82.50","75.00","24405815"
"380.36","345.78","24409355"
"108.24","98.40","25181250"
"22.27","20.25","25181616"
"163.19","148.35","25182733"
"163.19","148.35","25182776"
"61.88","56.25","25182778"
"125.40","114.00","25183021"
"132.82","120.75","25184663"
"170.78","155.25","25184787"
"16.34","14.85","25185950"
"943.44","857.67","25186686"
"678.68","616.98","25187951"
"1203.22","1093.84","25187957"
"3158.73","2871.57","25190451"
"2976.80","2706.18","25191275"
"345.34","313.95","25191534"
"17.82","16.20","25192329"
"25.24","22.95","25193474"
"80.52","73.20","25193519"
"619.01","562.74","25193557"
"208.72","189.75","25193922"
"130.30","118.45","25194224"
"189.75","172.50","25194429"
"92.40","84.00","25194693"
"467.37","424.88","25195119"
"120.12","109.20","25195551"
"124.08","112.80","25195556"
"25.24","22.95","25197812"
"938.46","853.15","25198623"
"223.91","203.55","25198753"
"121.44","110.40","25198944"
"38.61","35.10","25199333"
"486.01","441.83","25199824"
"249.21","226.55","25199828"
"249.21","226.55","25199831"
"446.24","405.67","25200455"
"461.15","419.23","25200827"
"106.92","97.20","25201065"
"354.20","322.00","25201447"
"938.46","853.15","25201450"
"474.83","431.66","25201457"
"378.24","343.85","25202791"
"270.71","246.10","25203537"
"239.08","217.35","25603373"
"25.24","22.95","25731418"
"411.43","374.03","25775252"
"139.15","126.50","25775359"
"288.42","262.20","25775994"
"156.86","142.60","25778940"
"447.48","406.80","25779559"
"592.91","539.01","25783777"
"592.91","539.01","25784042"
"427.59","388.72","25784044"
"374.14","340.13","25811735"
"998.13","907.39","25812725"
"949.65","863.32","25812726"
"1901.10","1728.27","25814570"
"377.87","343.52","25820085"
"498.44","453.13","25820087"
"74.25","67.50","25820122"
"150.53","136.85","25822190"
"129.03","117.30","25822191"
"708.51","644.10","25828247"
"471.10","428.27","25840450"
"515.85","468.95","25840452"
"207.46","188.60","25840458"
"441.26","401.15","25852870"
"621.50","565.00","25862088"
"361.79","328.90","25864605"
"944.68","858.80","25865166"
"467.37","424.88","25870984"
"584.21","531.10","25871196"
"454.94","413.58","25871225"
"773.15","702.86","25876385"
"553.13","502.85","25876851"
"1940.17","1763.79","25877026"
"88.44","80.40","25877402"
"586.70","533.36","25878055"
"891.23","810.21","25879096"
"1206.95","1097.23","25891791"
"888.75","807.95","25905442"
"1282.05","1165.50","25907215"
"435.05","395.50","25910432"
"142.94","129.95","25910783"
"142.94","129.95","25910784"
"51.48","46.80","25912943"
"1267.40","1152.18","25913637"
"137.88","125.35","25918049"
"957.11","870.10","25919219"
"95.04","86.40","25941805"
"812.92","739.02","25949346"
"665.00","604.55","25949347"
"483.53","439.57","25952633"
"1942.61","1766.01","25955129"
"96.36","87.60","25981009"
"350.41","318.55","25984611"
"704.78","640.71","25994366"
"1194.52","1085.93","25995438"
"1137.35","1033.95","25997509"
"984.46","894.96","25997510"
"2210.01","2009.10","26045426"
"290.95","264.50","26218340"
"878.80","798.91","39069809"
"387.82","352.56","39141360"
"173.31","157.55","42339895"
"114.84","104.40","42344530"
"962.08","874.62","42348716"
"1018.02","925.47","42349018"
"532.00","483.64","42352968"
"312.46","284.05","42355641"
"312.46","284.05","42355642"
"141.68","128.80","42355978"
"848.97","771.79","42357800"
"1019.26","926.60","42371133"
"983.21","893.83","42371134"
"57.20","52.00","42390126"
"75.62","68.75","42390442"
"59.12","53.75","42417202"
"1521.37","1383.06","42437942"
"349.14","317.40","42441517"
"498.44","453.13","42441986"
"2929.18","2662.89","42451385"
"41.47","37.70","42456626"
"26.73","24.30","42456634"
"28.21","25.65","42456635"
"41.47","37.70","42456641"
"345.34","313.95","42456790"
"602.85","548.05","42457733"
"1786.32","1623.93","42483362"
"80.52","73.20","42490017"
"258.06","234.60","42491887"
"40.04","36.40","42495490"
"1959.70","1781.55","42496875"
"579.24","526.58","42518521"
"72.88","66.25","42525550"
"1225.88","1114.44","42527306"
"1100.05","1000.05","42540515"
"244.14","221.95","42548992"
"641.39","583.08","42589004"
"641.39","583.08","42625940"
"67.38","61.25","42666227"
"795.52","723.20","42666241"
"223.91","203.55","42673048"
"1407.81","1279.83","42697363"
"1554.33","1413.03","42697364"
"749.53","681.39","42752789"
"706.02","641.84","42777757"
"273.24","248.40","42783310"
"203.67","185.15","42785996"
"651.33","592.12","52495681"
"458.67","416.97","52495729"
"342.81","311.65","55353806"
"54.34","49.40","55353807"
"124.08","112.80","55354237"
"99.00","90.00","55354247"
"75.62","68.75","55354325"
"121.44","110.40","55355578"
"744.56","676.87","55355603"
"892.47","811.34","55486342"
"337.75","307.05","55486915"
"51.48","46.80","55488246"
"130.30","118.45","55488247"
"51.48","46.80","55555805"
"120.12","109.20","55556495"
"34.32","31.20","55557741"
"627.71","570.65","55561747"
"627.71","570.65","55561748"
"137.88","125.35","55562233"
"437.54","397.76","55562350"
"323.84","294.40","55563348"
"80.52","73.20","55563372"
"231.49","210.45","55563375"
"110.88","100.80","55563530"
"446.24","405.67","55564395"
"158.12","143.75","55565004"
"278.30","253.00","55565300"
"3682.54","3347.76","55565451"
"1177.12","1070.11","55565489"
"97.68","88.80","55565760"
"29.70","27.00","55566555"
"333.96","303.60","55566598"
"402.73","366.12","55566648"
"440.02","400.02","55566650"
"264.38","240.35","55566664"
"41.47","37.70","55566674"
"41.47","37.70","55566925"
"80.52","73.20","55566932"
"703.54","639.58","55567049"
"182.16","165.60","55567243"
"2307.69","2097.90","55568275"
"5.59","5.08","55569401"
"1355.31","1232.10","55569765"
"251.73","228.85","55570289"
"2415.14","2195.58","55571535"
"37.18","33.80","55573805"
"100.32","91.20","55574781"
"318.78","289.80","55574864"
"3477.41","3161.28","55576194"
"1184.58","1076.89","55576980"
"839.02","762.75","55577403"
"146.74","133.40","55577568"
"110.88","100.80","55580052"
"22.27","20.25","55580177"
"26.73","24.30","55580961"
"38.61","35.10","55581588"
"70.12","63.75","55591002"
"63.25","57.50","55591401"
"34.32","31.20","55594651"
"72.88","66.25","55594652"
"75.62","68.75","55595700"
"251.73","228.85","55597008"
"54.34","49.40","6553450"
"937.22","852.02","84000613"
"912.36","829.42","84000614"
"631.44","574.04","84006595"
"174.57","158.70","84006773"
"179.63","163.30","84006779"
"261.86","238.05","84006788"
"161.92","147.20","84006796"
"258.06","234.60","84006797"
"1244.20","1131.09","84019503"
"3233.21","2939.28","84019863"
"1702.07","1547.34","84022674"
"3202.68","2911.53","84023477"
"2518.92","2289.93","84029814"
"282.09","256.45","84032895"
"498.44","453.13","84034314"
"615.29","559.35","84034329"
"522.06","474.60","84038602"
"292.21","265.65","84043231"
"425.11","386.46","84053434"
"431.32","392.11","84053436"
"395.27","359.34","84053448"
"2866.91","2606.28","84056784"
"420.13","381.94","84059852"
"550.65","500.59","84062224"
"1065.25","968.41","84066552"
"928.52","844.11","84066553"
"748.29","680.26","84073177"
"1170.91","1064.46","84081121"
"876.31","796.65","84081259"
"3398.04","3089.13","84088059"
"707.05","642.77","84088441"
"125.40","114.00","84097799"
"145.47","132.25","84097804"
"387.82","352.56","84104355"
"141.68","128.80","84108681"
"1391.94","1265.40","84114505"
"1367.52","1243.20","84114506"
"523.30","475.73","84118574"
"3247.86","2952.60","84120742"
"385.33","350.30","84125980"
"158.12","143.75","84142868"
"422.62","384.20","84143367"
"1655.68","1505.16","84143543"
"332.69","302.45","84144898"
"288.42","262.20","84145765"
"326.37","296.70","84147817"
"131.56","119.60","84148861"
"1234.43","1122.21","84159846"
"5431.01","4937.28","84160412"
"4936.50","4487.73","84160413"
"1255.19","1141.08","84164389"
"1306.47","1187.70","84166456"
"845.24","768.40","84166457"
"202.40","184.00","84172406"
"539.46","490.42","84175580"
"528.27","480.25","84175581"
"525.79","477.99","84175582"
"533.25","484.77","84175583"
"401.49","364.99","84176464"
"2025.64","1841.49","84176631"
"2128.20","1934.73","84176675"
"556.86","506.24","84185486"
"568.05","516.41","84185487"
"477.31","433.92","84206102"
"2643.47","2403.15","84208257"
"2162.39","1965.81","84209828"
"2434.67","2213.34","84214215"
"648.85","589.86","84214922"
"129.03","117.30","84215222"
"56.38","51.25","84215609"
"3119.66","2836.05","84216909"
"2466.42","2242.20","84216910"
"1205.71","1096.10","84228346"
"1122.43","1020.39","84233021"
"555.62","505.11","84233325"
"202.40","184.00","84234128"
"64.62","58.75","84238688"
"796.76","724.33","84248222"
"711.00","646.36","84248223"
"2078.14","1889.22","84250367"
"2126.98","1933.62","84252228"
"696.08","632.80","84257824"
"497.20","452.00","84257825"
"1984.12","1803.75","84261221"
"558.11","507.37","84263008"
"556.86","506.24","84263009"
"1117.46","1015.87","84263810"
"411.43","374.03","84273011"
"369.38","335.80","84273025"
"139.15","126.50","84273973"
"717.21","652.01","84279343"
"1322.34","1202.13","84283518"
"1236.87","1124.43","84283520"
"1369.96","1245.42","84288723"
"4860.80","4418.91","84289381"
"637.66","579.69","84289514"
"622.74","566.13","84292732"
"4818.07","4380.06","84294341"
"1945.05","1768.23","84297662"
"1805.86","1641.69","84297681"
"1360.19","1236.54","84317498"
"1294.26","1176.60","84317510"
"449.97","409.06","84318671"
"477.31","433.92","84320501"
"392.79","357.08","84323140"
"2457.87","2234.43","84324775"
"2117.21","1924.74","84331091"
"149.27","135.70","84335406"
"1169.66","1063.33","84338709"
"156.86","142.60","84339431"
"605.34","550.31","84340800"
"1349.20","1226.55","84342028"
"868.86","789.87","84342029"
"1031.69","937.90","84342036"
"1822.95","1657.23","84344484"
"2411.47","2192.25","84347487"
"4622.71","4202.46","84348410"
"2533.57","2303.25","84352102"
"1225.88","1114.44","84358044"
"471.10","428.27","84368362"
"360.52","327.75","84368363"
"403.98","367.25","84369132"
"240.35","218.50","84372604"
"481.04","437.31","84376571"
"628.96","571.78","84376572"
"77.00","70.00","84378279"
"4100.12","3727.38","84380741"
"597.88","543.53","84382027"
"529.52","481.38","84384224"
"529.52","481.38","84384225"
"253.00","230.00","84403735"
"3053.72","2776.11","84408066"
"868.86","789.87","84409864"
"4616.60","4196.91","84423756"
"2202.68","2002.44","84431401"
"1584.86","1440.78","84434267"
"417.65","379.68","84436234"
"474.83","431.66","84437896"
"482.28","438.44","84437900"
"1586.08","1441.89","84445142"
"341.55","310.50","84454831"
"1702.07","1547.34","84467058"
"1697.19","1542.90","84467059"
"2100.12","1909.20","84475025"
"1406.59","1278.72","84486633"
"1171.20","1064.73","84493631"
"1343.10","1221.00","84493651"
"734.61","667.83","84498314"
"701.05","637.32","84499830"
"641.39","583.08","84499831"
"253.00","230.00","84501029"
"1177.12","1070.11","84504267"
"309.93","281.75","84507731"
"909.88","827.16","84510286"
"303.60","276.00","84512890"
"376.97","342.70","84513886"
"574.27","522.06","84513887"
"187.22","170.20","84523161"
"191.02","173.65","84525957"
"1804.64","1640.58","84527171"
"1440.78","1309.80","84527172"
"524.55","476.86","84542300"
"3266.18","2969.25","84543709"
"2236.87","2033.52","84550102"
"2001.22","1819.29","84565195"
"1613.18","1466.53","84565230"
"163.19","148.35","84566359"
"282.09","256.45","84566507"
"699.81","636.19","84567419"
"137.88","125.35","84575422"
"254.27","231.15","84578112"
"540.71","491.55","84578456"
"403.98","367.25","84578465"
"403.98","367.25","84578466"
"139.15","126.50","84580856"
"139.15","126.50","84580859"
"5534.79","5031.63","84582597"
"1255.19","1141.08","84582739"
"102.96","93.60","84586337"
"1711.84","1556.22","84586872"
"2261.29","2055.72","84587611"
"2208.79","2007.99","84587612"
"81.12","73.75","84589112"
"81.12","73.75","84589113"
"100.32","91.20","84589418"
"375.39","341.26","84594588"
"366.85","333.50","84594590"
"2344.32","2131.20","84595943"
"2417.58","2197.80","84595944"
"773.15","702.86","84602473"
"2968.25","2698.41","84602489"
"968.30","880.27","84606047"
"3041.51","2765.01","84612436"
"139.15","126.50","84613732"
"621.50","565.00","84614768"
"1927.96","1752.69","84618032"
"1932.84","1757.13","84618033"
"1225.88","1114.44","84621302"
"655.06","595.51","84624770"
"968.30","880.27","84628487"
"1101.30","1001.18","84628488"
"692.35","629.41","84635614"
"4914.52","4467.75","84653387"
"81.12","73.75","84656764"
"84.48","76.80","84656765"
"1449.33","1317.57","84664114"
"3457.87","3143.52","84666225"
"1851.04","1682.76","84676688"
"1841.27","1673.88","84676689"
"1750.91","1591.74","84679031"
"1750.91","1591.74","84679032"
"4681.31","4255.74","84680166"
"883.77","803.43","84698486"
"1311.35","1192.14","84698487"
"328.90","299.00","84699435"
"359.26","326.60","84699725"
"269.44","244.95","84711849"
"560.59","509.63","84722072"
"560.59","509.63","84722073"
"546.92","497.20","84730945"
"2068.37","1880.34","84737864"
"2295.48","2086.80","84746544"
"2630.03","2390.94","84746545"
"386.57","351.43","84749049"
"10803.41","9821.28","84750165"
"7855.91","7141.74","84750166"
"1315.02","1195.47","84750308"
"1614.16","1467.42","84755856"
"1612.94","1466.31","84755857"
"400.25","363.86","84757793"
"269.44","244.95","84757867"
"691.11","628.28","84759500"
"2582.41","2347.65","84761341"
"196.07","178.25","84763238"
"2776.55","2524.14","84766226"
"235.29","213.90","84782549"
"5565.32","5059.38","84788600"
"5592.18","5083.80","84788601"
"5295.48","4814.07","84788649"
"68.75","62.50","84795774"
"260.59","236.90","84819088"
"184.69","167.90","84819090"
"783.09","711.90","84853345"
"962.08","874.62","84853407"
"1544.57","1404.15","84856654"
"1319.90","1199.91","84856655"
"255.53","232.30","84862512"
"271.98","247.25","84862513"
"70.12","63.75","84871564"
"66.00","60.00","84871565"
"584.21","531.10","84883991"
"4390.72","3991.56","84887857"
"4390.72","3991.56","84887858"
"902.42","820.38","84892165"
"902.42","820.38","84892166"
"7494.50","6813.18","84893098"
"927.28","842.98","84919662"
"4145.30","3768.45","84922348"
"391.54","355.95","85132090"
"1677.65","1525.14","89017844"
"1797.31","1633.92","89018123"
"312.46","284.05","89018168"
"1473.75","1339.77","89019027"
"958.35","871.23","89019320"
"473.58","430.53","89059111"
"132.82","120.75","89060436"
"584.21","531.10","9013470"
"596.64","542.40","9013471"
"146.74","133.40","90280463"
"75.62","68.75","90325571"
"28.21","25.65","90502556"
"246.68","224.25","90537356"
"284.62","258.75","90537704"
"289.69","263.35","92055984"
"56.38","51.25","92057198"
"61.88","56.25","92057458"
"218.84","198.95","92065969"
"92.40","84.00","92067037"
"31.46","28.60","92067147"
"2759.46","2508.60","92067184"
"75.62","68.75","92068161"
"114.84","104.40","92068285"
"87.12","79.20","92075337"
"84.48","76.80","92076914"
"302.34","274.85","92077119"
"4151.40","3774.00","92078604"
"1219.38","1108.53","92081620"
"1093.84","994.40","92081621"
"296.01","269.10","92084967"
"1327.23","1206.57","92101621"
"418.89","380.81","92111692"
"1055.31","959.37","92115771"
"1092.60","993.27","92115772"
"377.87","343.52","92117402"
"2106.22","1914.75","92120576"
"671.22","610.20","92121736"
"128.04","116.40","92140236"
"284.62","258.75","92140601"
"2091.57","1901.43","92141652"
"31.46","28.60","92142006"
"395.27","359.34","92143287"
"508.39","462.17","92143761"
"822.87","748.06","92144213"
"29.70","27.00","92145638"
"106.92","97.20","92147153"
"574.27","522.06","92147981"
"1321.12","1201.02","92147982"
"1416.36","1287.60","92147983"
"2216.12","2014.65","92147990"
"183.84","167.13","92148163"
"1503.05","1366.41","92148168"
"1886.45","1714.95","92157189"
"425.11","386.46","92157266"
"2155.07","1959.15","92163635"
"3499.39","3181.26","92167780"
"2202.68","2002.44","92169668"
"1311.35","1192.14","92171294"
"860.16","781.96","92175204"
"497.20","452.00","92175205"
"3677.65","3343.32","92175482"
"78.38","71.25","92177005"
"48.62","44.20","92187036"
"1280.83","1164.39","92187610"
"246.68","224.25","92189071"
"128.04","116.40","92191366"
"183.43","166.75","92191371"
"148.01","134.55","92191410"
"386.57","351.43","92199786"
"519.57","472.34","92199791"
"130.30","118.45","92201411"
"800.49","727.72","92226211"
"79.75","72.50","92231676"
"96.36","87.60","92233089"
"44.33","40.30","92233090"
"907.39","824.90","92245555"
"221.38","201.25","93184458"
"369.38","335.80","93185729"
"921.06","837.33","93741426"
"56.38","51.25","93742042"
"208.72","189.75","93744925"
"481.04","437.31","93745432"
"81.84","74.40","94511521"
"164.45","149.50","94513099"
"1326.01","1205.46","94522003"
"1330.89","1209.90","94522011"
"354.20","322.00","94523308"
"1376.07","1250.97","94524859"
"92.40","84.00","94534015"
"209.99","190.90","94535214"
"211.26","192.05","94535253"
"99.00","90.00","94535259"
"48.62","44.20","94535545"
"170.78","155.25","94535982"
"174.57","158.70","94536117"
"1418.80","1289.82","94537888"
"361.79","328.90","94538130"
"192.28","174.80","94540780"
"549.41","499.46","94541486"
"22.27","20.25","94556605"
"1779.00","1617.27","94558244"
"694.84","631.67","94560507"
"691.11","628.28","94560508"
"846.48","769.53","94560931"
"75.62","68.75","94564508"
"150.53","136.85","94571356"
"25.24","22.95","94833091"
"431.32","392.11","95015335"
"490.99","446.35","95015719"
"374.14","340.13","95017035"
"379.50","345.00","95017036"
"207.46","188.60","95017074"
"1138.59","1035.08","95018026"
"358.00","325.45","95018101"
"169.51","154.10","95018147"
"104.28","94.80","95021102"
"29.70","27.00","95025625"
"66.00","60.00","95027402"
"109.56","99.60","95034737"
"89.76","81.60","95037519"
"116.16","105.60","95040059"
"116.16","105.60","95040060"
"71.50","65.00","95048411"
"794.28","722.07","95057128"
"370.64","336.95","95072672"
"61.88","56.25","95073432"
"148.01","134.55","95074482"
"150.53","136.85","95074483"
"584.21","531.10","95077591"
"1255.19","1141.08","95080027"
"375.71","341.55","95090590"
"92.40","84.00","95122565"
"55.77","50.70","95128276"
"155.59","141.45","95129201"
"81.84","74.40","95130242"
"110.88","100.80","95131633"
"95.04","86.40","95131667"
"95.04","86.40","95131668"
"991.91","901.74","95131740"
"898.69","816.99","95134008"
"52.91","48.10","95135155"
"928.52","844.11","95137787"
"963.33","875.75","95137788"
"22.27","20.25","95144254"
"604.10","549.18","95146207"
"125.40","114.00","95153879"
"178.37","162.15","95153880"
"64.62","58.75","95161605"
"60.50","55.00","95161606"
"71.50","65.00","95167261"
"241.62","219.65","95169826"
"269.44","244.95","95169827"
"61.88","56.25","95186075"
"820.38","745.80","95210618"
"824.11","749.19","95210619"
"60.50","55.00","95211018"
"63.25","57.50","95211019"
"140.42","127.65","95211295"
"373.18","339.25","95211657"
"373.18","339.25","95211669"
"443.75","403.41","95213424"
"74.25","67.50","95215156"
"132.00","120.00","95216092"
"1625.15","1477.41","95218141"
"1520.14","1381.95","95218142"
"420.13","381.94","95224012"
"80.52","73.20","95227860"
"84.48","76.80","95227886"
"81.84","74.40","95228809"
"79.75","72.50","95228810"
"191.02","173.65","95228989"
"57.75","52.50","95229337"
"275.77","250.70","95231012"
"57.20","52.00","95238310"
"713.48","648.62","95270106"
"728.40","662.18","95270635"
"37.18","33.80","95282258"
"79.75","72.50","95292260"
"1082.65","984.23","95297065"
"1813.18","1648.35","95316029"
"56.38","51.25","95316624"
"294.75","267.95","95316787"
"385.33","350.30","95319215"
"405.22","368.38","95319216"
"1361.42","1237.65","95321793"
"1100.05","1000.05","95326120"
"71.50","65.00","95352004"
"173.31","157.55","95352915"
"40.04","36.40","95353818"
"40.04","36.40","95353819"
"368.11","334.65","95364000"
"321.31","292.10","95368367"
"361.79","328.90","95368368"
"55.77","50.70","95368630"
"78.38","71.25","95374485"
"462.40","420.36","95375929"
"41.47","37.70","95381119"
"31.46","28.60","95381121"
"623.99","567.26","95382554"
"101.64","92.40","95389383"
"56.38","51.25","95390848"
"177.10","161.00","95390887"
"137.88","125.35","95390893"
"54.34","49.40","95391363"
"61.88","56.25","95391366"
"34.32","31.20","95391371"
"877.56","797.78","95391502"
"235.29","213.90","95405221"
"196.07","178.25","95406038"
"384.09","349.17","95418203"
"422.62","384.20","95419301"
"206.19","187.45","95421257"
"149.27","135.70","95423203"
"913.61","830.55","95424495"
"546.92","497.20","95440469"
"556.86","506.24","95440470"
"136.62","124.20","95474706"
"81.84","74.40","95479599"
"136.62","124.20","95479629"
"857.67","779.70","95481152"
"197.34","179.40","95483019"
"555.62","505.11","95483685"
"555.62","505.11","95483686"
"759.47","690.43","95488417"
"1739.92","1581.75","95491189"
"289.69","263.35","95492092"
"126.72","115.20","95492094"
"168.24","152.95","95493722"
"296.01","269.10","95919226"
"35.75","32.50","95939899"
"126.72","115.20","95942519"
"110.88","100.80","95942520"
"77.00","70.00","95947238"
"1035.42","941.29","95947242"
"1122.43","1020.39","95950847"
"11.88","10.80","95951698"
"164.45","149.50","95961341"
"106.92","97.20","95963459"
"246.68","224.25","95964383"
"59.12","53.75","95971328"
"59.12","53.75","95971329"
"57.20","52.00","95980613"
"596.64","542.40","95986456"
"1422.47","1293.15","95987757"
"1529.91","1390.83","95987758"
"1720.39","1563.99","95987763"
"1562.88","1420.80","95987764"
"100.32","91.20","95987920"
"92.40","84.00","95987921"
"87.12","79.20","95989869"
"244.14","221.95","95994799"
"102.96","93.60","95999262"
"38.61","35.10","96023264"
"55.77","50.70","96182634"
"64.62","58.75","96183108"
"34.32","31.20","96183228"
"141.68","128.80","96253544"
"228.97","208.15","96253545"
"42.90","39.00","96279857"
"527.03","479.12","96289430"
"413.92","376.29","96291099"
"9.07","8.25","96307729"
"3.63","3.30","96327989"
"155.59","141.45","96332261"
"42.90","39.00","96335719"
"66.00","60.00","96349109"
"75.62","68.75","96351800"
"16.34","14.85","96376263"
"10.39","9.45","96376569"
"378.24","343.85","96387724"
"247.94","225.40","96391850"
"41.47","37.70","96392862"
"96.36","87.60","96403099"
"242.88","220.80","96405129"
"96.36","87.60","96407752"
"304.86","277.15","96407822"
"23.76","21.60","96408134"
"309.93","281.75","96408640"
"30.03","27.30","96414577"
"20.79","18.90","96414578"
"64.62","58.75","96414596"
"136.62","124.20","96414943"
"471.10","428.27","96415010"
"345.34","313.95","96415063"
"345.34","313.95","96415064"
"154.33","140.30","96415734"
"702.30","638.45","96416043"
"70.12","63.75","96416270"
"19.30","17.55","96416289"
"23.76","21.60","96416398"
"23.76","21.60","96416399"
"63.25","57.50","96417454"
"692.35","629.41","96418832"
"413.92","376.29","96418965"
"354.20","322.00","96419108"
"51.48","46.80","96419282"
"57.20","52.00","96419283"
"361.79","328.90","96419957"
"121.44","110.40","96423180"
"394.03","358.21","96423429"
"35.75","32.50","96433319"
"20.79","18.90","96436331"
"1224.36","1113.05","96438360"
"20.79","18.90","96440925"
"3369.96","3063.60","96446922"
"565.56","514.15","96447440"
"297.27","270.25","96455626"
"297.27","270.25","96455627"
"71.50","65.00","96460002"
"555.62","505.11","96469962"
"540.71","491.55","96469963"
"236.56","215.05","96470999"
"245.41","223.10","96471274"
"14.85","13.50","96475855"
"37.18","33.80","96476652"
"604.10","549.18","96476979"
"126.72","115.20","96488000"
"478.56","435.05","96497702"
"571.78","519.80","96540542"
"850.21","772.92","96545561"
"102.96","93.60","96547951"
"963.33","875.75","96548973"
"866.37","787.61","96549104"
"822.87","748.06","96549572"
"156.86","142.60","96549630"
"299.81","272.55","96550232"
"311.19","282.90","96550236"
"13.37","12.15","96550799"
"177.10","161.00","96551091"
"452.45","411.32","96553241"
"775.63","705.12","96553364"
"926.04","841.85","96553423"
"54.34","49.40","96553450"
"40.04","36.40","96553898"
"101.64","92.40","96554378"
"490.99","446.35","96554418"
"78.38","71.25","96554421"
"244.14","221.95","96626075"
"284.62","258.75","96626076"
"406.46","369.51","96675858"
"25.24","22.95","96676740"
"19.30","17.55","96676780"
"290.95","264.50","96682481"
"320.04","290.95","96686002"
"54.35","49.41","96688381"
"47.19","42.90","96688383"
"71.50","65.00","96688389"
"80.52","73.20","96813425"
"519.57","472.34","96815480"
"51.48","46.80","96815490"
"10.39","9.45","96829610"
"146.74","133.40","96833085"
"172.04","156.40","96833086"
"110.88","100.80","96833087"
"116.16","105.60","96833088"
"1018.02","925.47","96837813"
"994.40","904.00","96838439"
"538.22","489.29","96843503"
"795.52","723.20","96843578"
"169.51","154.10","96844210"
"164.45","149.50","96844211"
"230.23","209.30","96845794"
"230.23","209.30","96845795"
"48.62","44.20","96853514"
"31.46","28.60","96874570"
"459.91","418.10","96893302"
"40.04","36.40","96898048"
"66.00","60.00","96898751"
"55.77","50.70","96910777"
"104.28","94.80","96931611"
"1324.78","1204.35","96936136"
"9.07","8.25","96940004"
"129.36","117.60","96942497"
"554.38","503.98","96943429"
"1417.58","1288.71","96943762"
"975.75","887.05","96945926"
"77.00","70.00","96950990"
"709.75","645.23","96952006"
"1280.83","1164.39","96954113"
"81.84","74.40","96958197"
"44.33","40.30","96958214"
"165.72","150.65","96963220"
"559.35","508.50","96963483"
"83.16","75.60","96968499"
"66.00","60.00","96968500"
"242.88","220.80","96980050"
"51.48","46.80","96984376"
"78.38","71.25","96985635"
"23.76","21.60","96985730"
"80.52","73.20","96990678"
"256.79","233.45","96995000"
